{"weights": [[0.555469006107796, 0.7070028285723153, 0.44683461743224234, 0.26143741959674555], [0.18568265805971074, 0.5890224034364399, 0.2194896639435704, 0.7384003373078369], [0.48638039813606915, 0.8269972637821875, 0.5734161011503567, 0.24250835516963642], [0.72485741755474, 0.656994326204013, 0.29379916352159696, 0.840277725118341], [0.043971623479175714, -0.5304678955595472, 0.12819008428700612, 0.781720454264026], [0.2539825592898812, -0.4480343392543563, 0.5346344071920828, 0.9015730348963518], [1.1893277342774424, 0.02890642831703405, 0.09321135191244534, 1.2537692561224048], [0.5862585435650794, 0.9702402470507276, 1.2992295019417481, 0.2003989189637292]], "score": 300.0921606891151}