{"weights": [[0.2886591909142906, 0.7070028285723153, 0.450328826794856, 0.26143741959674555], [0.18568265805971074, 0.5890224034364399, 0.2194896639435704, 0.7384003373078369], [0.7472309653793282, 0.8269972637821875, 0.5734161011503567, 0.24250835516963642], [1.2878918420082908, 0.656994326204013, 0.29379916352159696, 0.840277725118341], [0.043971623479175714, -0.5304678955595472, 0.12819008428700612, 0.781720454264026], [0.2539825592898812, -0.1600004457365487, 0.5346344071920828, 1.247996536004624], [1.1893277342774424, 0.02890642831703405, 0.09321135191244534, 1.2537692561224048], [0.5862585435650794, 0.681821724205407, 1.3352857564837166, 0.2003989189637292]], "score": 302.097505063055}