{"weights": [[0.2886591909142906, 0.7070028285723153, 0.450328826794856, 0.26143741959674555], [0.19842047689532544, 0.5890224034364399, 0.2194896639435704, 0.7384003373078369], [0.7472309653793282, 0.8269972637821875, 0.5734161011503567, 0.24250835516963642], [1.2337134182633893, 0.656994326204013, 0.29379916352159696, 0.840277725118341], [0.043971623479175714, -0.5304678955595472, 0.12819008428700612, 0.781720454264026], [0.2539825592898812, -0.4480343392543563, 0.5346344071920828, 0.9015730348963518], [1.191089880414522, 0.02890642831703405, 0.09321135191244534, 0.9226297003485914], [0.3351333962925992, 0.9702402470507276, 1.3015781227802086, 0.2003989189637292]], "score": 300.71343489708386}