{"weights": [[0.3065428873846442, 0.8258583662630191, 0.45363058062010264, 0.7577832915813825], [0.2405059955635337, 0.8580728030870847, 0.6200354629404194, 0.8458684731428434], [0.5310957968384818, 0.9966198208288587, 0.7499640619905359, 0.20693144950632147], [0.45979179558732475, 0.5754366181158964, 0.09876271385435698, 0.4814938943949173], [0.7971806514920703, 0.37691546161333245, 0.7623401752705168, 1.0304252341920963], [0.8865405169794579, 0.4224102994329406, 0.6432552245360963, 1.2717154322895712], [0.5215179564611766, 0.7268962528005044, 0.7689543036166363, 0.25053806561507797], [0.8515543308475371, 0.27474574552597664, 0.014632117914775034, 0.11751672635060195]], "score": 309.78039294133737}